375b131324c86c5e7c16402679861b,611e5c3a58a3c2b78385556368c5230e,webhook-1.0/scanoss/bitbucket.py
375b131324c86c5e7c16402679861b,611e5c3a58a3c2b78385556368c5230e,webhook-1.0/scanoss/bitbucket.py
375b131324c86c5e7c16402679861b,611e5c3a58a3c2b78385556368c5230e,webhook-1.0/scanoss/bitbucket.py
375b131324c86c5e7c16402679861b,611e5c3a58a3c2b78385556368c5230e,webhook-1.0/scanoss/bitbucket.py
375b131324c86c5e7c16402679861b,611e5c3a58a3c2b78385556368c5230e,webhook-1.0/scanoss/bitbucket.py
375b131324c86c5e7c16402679861b,611e5c3a58a3c2b78385556368c5230e,webhook-1.0/scanoss/bitbucket.py
375b131324c86c5e7c16402679861b,611e5c3a58a3c2b78385556368c5230e,webhook-1.0/scanoss/bitbucket.py
375b131324c86c5e7c16402679861b,611e5c3a58a3c2b78385556368c5230e,webhook-1.0/scanoss/bitbucket.py
375b131324c86c5e7c16402679861b,611e5c3a58a3c2b78385556368c5230e,webhook-1.0/scanoss/bitbucket.py
375b131324c86c5e7c16402679861b,611e5c3a58a3c2b78385556368c5230e,webhook-1.0/scanoss/bitbucket.py
375b131324c86c5e7c16402679861b,611e5c3a58a3c2b78385556368c5230e,webhook-1.0/scanoss/bitbucket.py
375b131324c86c5e7c16402679861b,611e5c3a58a3c2b78385556368c5230e,webhook-1.0/scanoss/bitbucket.py
375b131324c86c5e7c16402679861b,611e5c3a58a3c2b78385556368c5230e,webhook-1.0/scanoss/bitbucket.py
375b131324c86c5e7c16402679861b,611e5c3a58a3c2b78385556368c5230e,webhook-1.0/scanoss/bitbucket.py
375b131324c86c5e7c16402679861b,611e5c3a58a3c2b78385556368c5230e,webhook-1.0/scanoss/bitbucket.py
375b131324c86c5e7c16402679861b,611e5c3a58a3c2b78385556368c5230e,webhook-1.0/scanoss/bitbucket.py
375b131324c86c5e7c16402679861b,611e5c3a58a3c2b78385556368c5230e,webhook-1.0/scanoss/bitbucket.py
375b131324c86c5e7c16402679861b,611e5c3a58a3c2b78385556368c5230e,webhook-1.0/scanoss/bitbucket.py
375b131324c86c5e7c16402679861b,611e5c3a58a3c2b78385556368c5230e,webhook-1.0/scanoss/bitbucket.py
375b131324c86c5e7c16402679861b,611e5c3a58a3c2b78385556368c5230e,webhook-1.0/scanoss/bitbucket.py
375b131324c86c5e7c16402679861b,611e5c3a58a3c2b78385556368c5230e,webhook-1.0/scanoss/bitbucket.py
375b131324c86c5e7c16402679861b,611e5c3a58a3c2b78385556368c5230e,webhook-1.0/scanoss/bitbucket.py
375b131324c86c5e7c16402679861b,611e5c3a58a3c2b78385556368c5230e,webhook-1.0/scanoss/bitbucket.py
375b131324c86c5e7c16402679861b,611e5c3a58a3c2b78385556368c5230e,webhook-1.0/scanoss/bitbucket.py
375b131324c86c5e7c16402679861b,611e5c3a58a3c2b78385556368c5230e,webhook-1.0/scanoss/bitbucket.py
375b131324c86c5e7c16402679861b,611e5c3a58a3c2b78385556368c5230e,webhook-1.0/scanoss/bitbucket.py
375b131324c86c5e7c16402679861b,611e5c3a58a3c2b78385556368c5230e,webhook-1.0/scanoss/bitbucket.py
375b131324c86c5e7c16402679861b,611e5c3a58a3c2b78385556368c5230e,webhook-1.0/scanoss/bitbucket.py
375b131324c86c5e7c16402679861b,611e5c3a58a3c2b78385556368c5230e,webhook-1.0/scanoss/bitbucket.py
375b131324c86c5e7c16402679861b,611e5c3a58a3c2b78385556368c5230e,webhook-1.0/scanoss/bitbucket.py
375b131324c86c5e7c16402679861b,611e5c3a58a3c2b78385556368c5230e,webhook-1.0/scanoss/bitbucket.py
375b131324c86c5e7c16402679861b,611e5c3a58a3c2b78385556368c5230e,webhook-1.0/scanoss/bitbucket.py
375b131324c86c5e7c16402679861b,611e5c3a58a3c2b78385556368c5230e,webhook-1.0/scanoss/bitbucket.py
375b131324c86c5e7c16402679861b,611e5c3a58a3c2b78385556368c5230e,webhook-1.0/scanoss/bitbucket.py
375b131324c86c5e7c16402679861b,611e5c3a58a3c2b78385556368c5230e,webhook-1.0/scanoss/bitbucket.py
375b131324c86c5e7c16402679861b,611e5c3a58a3c2b78385556368c5230e,webhook-1.0/scanoss/bitbucket.py
375b131324c86c5e7c16402679861b,611e5c3a58a3c2b78385556368c5230e,webhook-1.0/scanoss/bitbucket.py
375b131324c86c5e7c16402679861b,611e5c3a58a3c2b78385556368c5230e,webhook-1.0/scanoss/bitbucket.py
375b131324c86c5e7c16402679861b,611e5c3a58a3c2b78385556368c5230e,webhook-1.0/scanoss/bitbucket.py
375b131324c86c5e7c16402679861b,611e5c3a58a3c2b78385556368c5230e,webhook-1.0/scanoss/bitbucket.py
375b131324c86c5e7c16402679861b,611e5c3a58a3c2b78385556368c5230e,webhook-1.0/scanoss/bitbucket.py
375b131324c86c5e7c16402679861b,611e5c3a58a3c2b78385556368c5230e,webhook-1.0/scanoss/bitbucket.py
375b131324c86c5e7c16402679861b,611e5c3a58a3c2b78385556368c5230e,webhook-1.0/scanoss/bitbucket.py
375b131324c86c5e7c16402679861b,611e5c3a58a3c2b78385556368c5230e,webhook-1.0/scanoss/bitbucket.py
375b131324c86c5e7c16402679861b,611e5c3a58a3c2b78385556368c5230e,webhook-1.0/scanoss/bitbucket.py
375b131324c86c5e7c16402679861b,611e5c3a58a3c2b78385556368c5230e,webhook-1.0/scanoss/bitbucket.py
375b131324c86c5e7c16402679861b,611e5c3a58a3c2b78385556368c5230e,webhook-1.0/scanoss/bitbucket.py
375b131324c86c5e7c16402679861b,611e5c3a58a3c2b78385556368c5230e,webhook-1.0/scanoss/bitbucket.py
375b131324c86c5e7c16402679861b,611e5c3a58a3c2b78385556368c5230e,webhook-1.0/scanoss/bitbucket.py
375b131324c86c5e7c16402679861b,611e5c3a58a3c2b78385556368c5230e,webhook-1.0/scanoss/bitbucket.py
375b131324c86c5e7c16402679861b,611e5c3a58a3c2b78385556368c5230e,webhook-1.0/scanoss/bitbucket.py
375b131324c86c5e7c16402679861b,611e5c3a58a3c2b78385556368c5230e,webhook-1.0/scanoss/bitbucket.py
375b131324c86c5e7c16402679861b,611e5c3a58a3c2b78385556368c5230e,webhook-1.0/scanoss/bitbucket.py
375b131324c86c5e7c16402679861b,611e5c3a58a3c2b78385556368c5230e,webhook-1.0/scanoss/bitbucket.py
375b131324c86c5e7c16402679861b,611e5c3a58a3c2b78385556368c5230e,webhook-1.0/scanoss/bitbucket.py
375b131324c86c5e7c16402679861b,611e5c3a58a3c2b78385556368c5230e,webhook-1.0/scanoss/bitbucket.py
375b131324c86c5e7c16402679861b,611e5c3a58a3c2b78385556368c5230e,webhook-1.0/scanoss/bitbucket.py
375b131324c86c5e7c16402679861b,611e5c3a58a3c2b78385556368c5230e,webhook-1.0/scanoss/bitbucket.py
375b131324c86c5e7c16402679861b,611e5c3a58a3c2b78385556368c5230e,webhook-1.0/scanoss/bitbucket.py
375b131324c86c5e7c16402679861b,611e5c3a58a3c2b78385556368c5230e,webhook-1.0/scanoss/bitbucket.py
375b131324c86c5e7c16402679861b,611e5c3a58a3c2b78385556368c5230e,webhook-1.0/scanoss/bitbucket.py
375b131324c86c5e7c16402679861b,611e5c3a58a3c2b78385556368c5230e,webhook-1.0/scanoss/bitbucket.py
375b131324c86c5e7c16402679861b,611e5c3a58a3c2b78385556368c5230e,webhook-1.0/scanoss/bitbucket.py
375b131324c86c5e7c16402679861b,611e5c3a58a3c2b78385556368c5230e,webhook-1.0/scanoss/bitbucket.py
375b131324c86c5e7c16402679861b,611e5c3a58a3c2b78385556368c5230e,webhook-1.0/scanoss/bitbucket.py
375b131324c86c5e7c16402679861b,611e5c3a58a3c2b78385556368c5230e,webhook-1.0/scanoss/bitbucket.py
375b131324c86c5e7c16402679861b,611e5c3a58a3c2b78385556368c5230e,webhook-1.0/scanoss/bitbucket.py
375b131324c86c5e7c16402679861b,611e5c3a58a3c2b78385556368c5230e,webhook-1.0/scanoss/bitbucket.py
