e61208f1d61aa539390a52702ca402,611e5c3a58a3c2b78385556368c5230e,webhook-1.0/setup.py
e61208f1d61aa539390a52702ca402,611e5c3a58a3c2b78385556368c5230e,webhook-1.0/setup.py
e61208f1d61aa539390a52702ca402,611e5c3a58a3c2b78385556368c5230e,webhook-1.0/setup.py
e61208f1d61aa539390a52702ca402,611e5c3a58a3c2b78385556368c5230e,webhook-1.0/setup.py
e61208f1d61aa539390a52702ca402,611e5c3a58a3c2b78385556368c5230e,webhook-1.0/setup.py
e61208f1d61aa539390a52702ca402,611e5c3a58a3c2b78385556368c5230e,webhook-1.0/setup.py
e61208f1d61aa539390a52702ca402,611e5c3a58a3c2b78385556368c5230e,webhook-1.0/setup.py
e61208f1d61aa539390a52702ca402,611e5c3a58a3c2b78385556368c5230e,webhook-1.0/setup.py
e61208f1d61aa539390a52702ca402,611e5c3a58a3c2b78385556368c5230e,webhook-1.0/setup.py
e61208f1d61aa539390a52702ca402,611e5c3a58a3c2b78385556368c5230e,webhook-1.0/setup.py
e61208f1d61aa539390a52702ca402,611e5c3a58a3c2b78385556368c5230e,webhook-1.0/setup.py
e61208f1d61aa539390a52702ca402,611e5c3a58a3c2b78385556368c5230e,webhook-1.0/setup.py
e61208f1d61aa539390a52702ca402,611e5c3a58a3c2b78385556368c5230e,webhook-1.0/setup.py
e61208f1d61aa539390a52702ca402,611e5c3a58a3c2b78385556368c5230e,webhook-1.0/setup.py
e61208f1d61aa539390a52702ca402,611e5c3a58a3c2b78385556368c5230e,webhook-1.0/setup.py
e61208f1d61aa539390a52702ca402,611e5c3a58a3c2b78385556368c5230e,webhook-1.0/setup.py
e61208f1d61aa539390a52702ca402,611e5c3a58a3c2b78385556368c5230e,webhook-1.0/setup.py
e61208f1d61aa539390a52702ca402,611e5c3a58a3c2b78385556368c5230e,webhook-1.0/setup.py
e61208f1d61aa539390a52702ca402,611e5c3a58a3c2b78385556368c5230e,webhook-1.0/setup.py
e61208f1d61aa539390a52702ca402,611e5c3a58a3c2b78385556368c5230e,webhook-1.0/setup.py
e61208f1d61aa539390a52702ca402,611e5c3a58a3c2b78385556368c5230e,webhook-1.0/setup.py
e61208f1d61aa539390a52702ca402,611e5c3a58a3c2b78385556368c5230e,webhook-1.0/setup.py
e61208f1d61aa539390a52702ca402,611e5c3a58a3c2b78385556368c5230e,webhook-1.0/setup.py
e61208f1d61aa539390a52702ca402,611e5c3a58a3c2b78385556368c5230e,webhook-1.0/setup.py
e61208f1d61aa539390a52702ca402,611e5c3a58a3c2b78385556368c5230e,webhook-1.0/setup.py
e61208f1d61aa539390a52702ca402,611e5c3a58a3c2b78385556368c5230e,webhook-1.0/setup.py
e61208f1d61aa539390a52702ca402,611e5c3a58a3c2b78385556368c5230e,webhook-1.0/setup.py
e61208f1d61aa539390a52702ca402,611e5c3a58a3c2b78385556368c5230e,webhook-1.0/setup.py
e61208f1d61aa539390a52702ca402,611e5c3a58a3c2b78385556368c5230e,webhook-1.0/setup.py
e61208f1d61aa539390a52702ca402,611e5c3a58a3c2b78385556368c5230e,webhook-1.0/setup.py
e61208f1d61aa539390a52702ca402,611e5c3a58a3c2b78385556368c5230e,webhook-1.0/setup.py
e61208f1d61aa539390a52702ca402,611e5c3a58a3c2b78385556368c5230e,webhook-1.0/setup.py
e61208f1d61aa539390a52702ca402,611e5c3a58a3c2b78385556368c5230e,webhook-1.0/setup.py
e61208f1d61aa539390a52702ca402,611e5c3a58a3c2b78385556368c5230e,webhook-1.0/setup.py
e61208f1d61aa539390a52702ca402,611e5c3a58a3c2b78385556368c5230e,webhook-1.0/setup.py
e61208f1d61aa539390a52702ca402,611e5c3a58a3c2b78385556368c5230e,webhook-1.0/setup.py
e61208f1d61aa539390a52702ca402,611e5c3a58a3c2b78385556368c5230e,webhook-1.0/setup.py
e61208f1d61aa539390a52702ca402,611e5c3a58a3c2b78385556368c5230e,webhook-1.0/setup.py
e61208f1d61aa539390a52702ca402,611e5c3a58a3c2b78385556368c5230e,webhook-1.0/setup.py
e61208f1d61aa539390a52702ca402,611e5c3a58a3c2b78385556368c5230e,webhook-1.0/setup.py
e61208f1d61aa539390a52702ca402,611e5c3a58a3c2b78385556368c5230e,webhook-1.0/setup.py
e61208f1d61aa539390a52702ca402,611e5c3a58a3c2b78385556368c5230e,webhook-1.0/setup.py
e61208f1d61aa539390a52702ca402,611e5c3a58a3c2b78385556368c5230e,webhook-1.0/setup.py
e61208f1d61aa539390a52702ca402,611e5c3a58a3c2b78385556368c5230e,webhook-1.0/setup.py
e61208f1d61aa539390a52702ca402,611e5c3a58a3c2b78385556368c5230e,webhook-1.0/setup.py
e61208f1d61aa539390a52702ca402,611e5c3a58a3c2b78385556368c5230e,webhook-1.0/setup.py
e61208f1d61aa539390a52702ca402,611e5c3a58a3c2b78385556368c5230e,webhook-1.0/setup.py
e61208f1d61aa539390a52702ca402,611e5c3a58a3c2b78385556368c5230e,webhook-1.0/setup.py
e61208f1d61aa539390a52702ca402,611e5c3a58a3c2b78385556368c5230e,webhook-1.0/setup.py
e61208f1d61aa539390a52702ca402,611e5c3a58a3c2b78385556368c5230e,webhook-1.0/setup.py
e61208f1d61aa539390a52702ca402,611e5c3a58a3c2b78385556368c5230e,webhook-1.0/setup.py
e61208f1d61aa539390a52702ca402,611e5c3a58a3c2b78385556368c5230e,webhook-1.0/setup.py
e61208f1d61aa539390a52702ca402,611e5c3a58a3c2b78385556368c5230e,webhook-1.0/setup.py
e61208f1d61aa539390a52702ca402,611e5c3a58a3c2b78385556368c5230e,webhook-1.0/setup.py
e61208f1d61aa539390a52702ca402,611e5c3a58a3c2b78385556368c5230e,webhook-1.0/setup.py
e61208f1d61aa539390a52702ca402,611e5c3a58a3c2b78385556368c5230e,webhook-1.0/setup.py
e61208f1d61aa539390a52702ca402,611e5c3a58a3c2b78385556368c5230e,webhook-1.0/setup.py
e61208f1d61aa539390a52702ca402,611e5c3a58a3c2b78385556368c5230e,webhook-1.0/setup.py
e61208f1d61aa539390a52702ca402,611e5c3a58a3c2b78385556368c5230e,webhook-1.0/setup.py
e61208f1d61aa539390a52702ca402,611e5c3a58a3c2b78385556368c5230e,webhook-1.0/setup.py
e61208f1d61aa539390a52702ca402,611e5c3a58a3c2b78385556368c5230e,webhook-1.0/setup.py
e61208f1d61aa539390a52702ca402,611e5c3a58a3c2b78385556368c5230e,webhook-1.0/setup.py
e61208f1d61aa539390a52702ca402,611e5c3a58a3c2b78385556368c5230e,webhook-1.0/setup.py
e61208f1d61aa539390a52702ca402,611e5c3a58a3c2b78385556368c5230e,webhook-1.0/setup.py
e61208f1d61aa539390a52702ca402,611e5c3a58a3c2b78385556368c5230e,webhook-1.0/setup.py
e61208f1d61aa539390a52702ca402,611e5c3a58a3c2b78385556368c5230e,webhook-1.0/setup.py
e61208f1d61aa539390a52702ca402,611e5c3a58a3c2b78385556368c5230e,webhook-1.0/setup.py
e61208f1d61aa539390a52702ca402,611e5c3a58a3c2b78385556368c5230e,webhook-1.0/setup.py
e61208f1d61aa539390a52702ca402,611e5c3a58a3c2b78385556368c5230e,webhook-1.0/setup.py
