3108bbf415a3d0d18f3cb11986e122,611e5c3a58a3c2b78385556368c5230e,webhook-1.0/tests/diff_1.diff
3108bbf415a3d0d18f3cb11986e122,611e5c3a58a3c2b78385556368c5230e,webhook-1.0/tests/diff_1.diff
3108bbf415a3d0d18f3cb11986e122,611e5c3a58a3c2b78385556368c5230e,webhook-1.0/tests/diff_1.diff
3108bbf415a3d0d18f3cb11986e122,611e5c3a58a3c2b78385556368c5230e,webhook-1.0/tests/diff_1.diff
3108bbf415a3d0d18f3cb11986e122,611e5c3a58a3c2b78385556368c5230e,webhook-1.0/tests/diff_1.diff
3108bbf415a3d0d18f3cb11986e122,611e5c3a58a3c2b78385556368c5230e,webhook-1.0/tests/diff_1.diff
3108bbf415a3d0d18f3cb11986e122,611e5c3a58a3c2b78385556368c5230e,webhook-1.0/tests/diff_1.diff
3108bbf415a3d0d18f3cb11986e122,611e5c3a58a3c2b78385556368c5230e,webhook-1.0/tests/diff_1.diff
3108bbf415a3d0d18f3cb11986e122,611e5c3a58a3c2b78385556368c5230e,webhook-1.0/tests/diff_1.diff
3108bbf415a3d0d18f3cb11986e122,611e5c3a58a3c2b78385556368c5230e,webhook-1.0/tests/diff_1.diff
3108bbf415a3d0d18f3cb11986e122,611e5c3a58a3c2b78385556368c5230e,webhook-1.0/tests/diff_1.diff
3108bbf415a3d0d18f3cb11986e122,611e5c3a58a3c2b78385556368c5230e,webhook-1.0/tests/diff_1.diff
3108bbf415a3d0d18f3cb11986e122,611e5c3a58a3c2b78385556368c5230e,webhook-1.0/tests/diff_1.diff
3108bbf415a3d0d18f3cb11986e122,611e5c3a58a3c2b78385556368c5230e,webhook-1.0/tests/diff_1.diff
3108bbf415a3d0d18f3cb11986e122,611e5c3a58a3c2b78385556368c5230e,webhook-1.0/tests/diff_1.diff
3108bbf415a3d0d18f3cb11986e122,611e5c3a58a3c2b78385556368c5230e,webhook-1.0/tests/diff_1.diff
3108bbf415a3d0d18f3cb11986e122,611e5c3a58a3c2b78385556368c5230e,webhook-1.0/tests/diff_1.diff
3108bbf415a3d0d18f3cb11986e122,611e5c3a58a3c2b78385556368c5230e,webhook-1.0/tests/diff_1.diff
3108bbf415a3d0d18f3cb11986e122,611e5c3a58a3c2b78385556368c5230e,webhook-1.0/tests/diff_1.diff
3108bbf415a3d0d18f3cb11986e122,611e5c3a58a3c2b78385556368c5230e,webhook-1.0/tests/diff_1.diff
3108bbf415a3d0d18f3cb11986e122,611e5c3a58a3c2b78385556368c5230e,webhook-1.0/tests/diff_1.diff
3108bbf415a3d0d18f3cb11986e122,611e5c3a58a3c2b78385556368c5230e,webhook-1.0/tests/diff_1.diff
3108bbf415a3d0d18f3cb11986e122,611e5c3a58a3c2b78385556368c5230e,webhook-1.0/tests/diff_1.diff
3108bbf415a3d0d18f3cb11986e122,611e5c3a58a3c2b78385556368c5230e,webhook-1.0/tests/diff_1.diff
3108bbf415a3d0d18f3cb11986e122,611e5c3a58a3c2b78385556368c5230e,webhook-1.0/tests/diff_1.diff
3108bbf415a3d0d18f3cb11986e122,611e5c3a58a3c2b78385556368c5230e,webhook-1.0/tests/diff_1.diff
3108bbf415a3d0d18f3cb11986e122,611e5c3a58a3c2b78385556368c5230e,webhook-1.0/tests/diff_1.diff
3108bbf415a3d0d18f3cb11986e122,611e5c3a58a3c2b78385556368c5230e,webhook-1.0/tests/diff_1.diff
3108bbf415a3d0d18f3cb11986e122,611e5c3a58a3c2b78385556368c5230e,webhook-1.0/tests/diff_1.diff
3108bbf415a3d0d18f3cb11986e122,611e5c3a58a3c2b78385556368c5230e,webhook-1.0/tests/diff_1.diff
3108bbf415a3d0d18f3cb11986e122,611e5c3a58a3c2b78385556368c5230e,webhook-1.0/tests/diff_1.diff
3108bbf415a3d0d18f3cb11986e122,611e5c3a58a3c2b78385556368c5230e,webhook-1.0/tests/diff_1.diff
3108bbf415a3d0d18f3cb11986e122,611e5c3a58a3c2b78385556368c5230e,webhook-1.0/tests/diff_1.diff
3108bbf415a3d0d18f3cb11986e122,611e5c3a58a3c2b78385556368c5230e,webhook-1.0/tests/diff_1.diff
3108bbf415a3d0d18f3cb11986e122,611e5c3a58a3c2b78385556368c5230e,webhook-1.0/tests/diff_1.diff
3108bbf415a3d0d18f3cb11986e122,611e5c3a58a3c2b78385556368c5230e,webhook-1.0/tests/diff_1.diff
3108bbf415a3d0d18f3cb11986e122,611e5c3a58a3c2b78385556368c5230e,webhook-1.0/tests/diff_1.diff
3108bbf415a3d0d18f3cb11986e122,611e5c3a58a3c2b78385556368c5230e,webhook-1.0/tests/diff_1.diff
3108bbf415a3d0d18f3cb11986e122,611e5c3a58a3c2b78385556368c5230e,webhook-1.0/tests/diff_1.diff
3108bbf415a3d0d18f3cb11986e122,611e5c3a58a3c2b78385556368c5230e,webhook-1.0/tests/diff_1.diff
3108bbf415a3d0d18f3cb11986e122,611e5c3a58a3c2b78385556368c5230e,webhook-1.0/tests/diff_1.diff
3108bbf415a3d0d18f3cb11986e122,611e5c3a58a3c2b78385556368c5230e,webhook-1.0/tests/diff_1.diff
3108bbf415a3d0d18f3cb11986e122,611e5c3a58a3c2b78385556368c5230e,webhook-1.0/tests/diff_1.diff
3108bbf415a3d0d18f3cb11986e122,611e5c3a58a3c2b78385556368c5230e,webhook-1.0/tests/diff_1.diff
3108bbf415a3d0d18f3cb11986e122,611e5c3a58a3c2b78385556368c5230e,webhook-1.0/tests/diff_1.diff
3108bbf415a3d0d18f3cb11986e122,611e5c3a58a3c2b78385556368c5230e,webhook-1.0/tests/diff_1.diff
3108bbf415a3d0d18f3cb11986e122,611e5c3a58a3c2b78385556368c5230e,webhook-1.0/tests/diff_1.diff
3108bbf415a3d0d18f3cb11986e122,611e5c3a58a3c2b78385556368c5230e,webhook-1.0/tests/diff_1.diff
3108bbf415a3d0d18f3cb11986e122,611e5c3a58a3c2b78385556368c5230e,webhook-1.0/tests/diff_1.diff
3108bbf415a3d0d18f3cb11986e122,611e5c3a58a3c2b78385556368c5230e,webhook-1.0/tests/diff_1.diff
3108bbf415a3d0d18f3cb11986e122,611e5c3a58a3c2b78385556368c5230e,webhook-1.0/tests/diff_1.diff
3108bbf415a3d0d18f3cb11986e122,611e5c3a58a3c2b78385556368c5230e,webhook-1.0/tests/diff_1.diff
3108bbf415a3d0d18f3cb11986e122,611e5c3a58a3c2b78385556368c5230e,webhook-1.0/tests/diff_1.diff
3108bbf415a3d0d18f3cb11986e122,611e5c3a58a3c2b78385556368c5230e,webhook-1.0/tests/diff_1.diff
3108bbf415a3d0d18f3cb11986e122,611e5c3a58a3c2b78385556368c5230e,webhook-1.0/tests/diff_1.diff
3108bbf415a3d0d18f3cb11986e122,611e5c3a58a3c2b78385556368c5230e,webhook-1.0/tests/diff_1.diff
3108bbf415a3d0d18f3cb11986e122,611e5c3a58a3c2b78385556368c5230e,webhook-1.0/tests/diff_1.diff
3108bbf415a3d0d18f3cb11986e122,611e5c3a58a3c2b78385556368c5230e,webhook-1.0/tests/diff_1.diff
3108bbf415a3d0d18f3cb11986e122,611e5c3a58a3c2b78385556368c5230e,webhook-1.0/tests/diff_1.diff
3108bbf415a3d0d18f3cb11986e122,611e5c3a58a3c2b78385556368c5230e,webhook-1.0/tests/diff_1.diff
3108bbf415a3d0d18f3cb11986e122,611e5c3a58a3c2b78385556368c5230e,webhook-1.0/tests/diff_1.diff
3108bbf415a3d0d18f3cb11986e122,611e5c3a58a3c2b78385556368c5230e,webhook-1.0/tests/diff_1.diff
3108bbf415a3d0d18f3cb11986e122,611e5c3a58a3c2b78385556368c5230e,webhook-1.0/tests/diff_1.diff
3108bbf415a3d0d18f3cb11986e122,611e5c3a58a3c2b78385556368c5230e,webhook-1.0/tests/diff_1.diff
3108bbf415a3d0d18f3cb11986e122,611e5c3a58a3c2b78385556368c5230e,webhook-1.0/tests/diff_1.diff
3108bbf415a3d0d18f3cb11986e122,611e5c3a58a3c2b78385556368c5230e,webhook-1.0/tests/diff_1.diff
3108bbf415a3d0d18f3cb11986e122,611e5c3a58a3c2b78385556368c5230e,webhook-1.0/tests/diff_1.diff
3108bbf415a3d0d18f3cb11986e122,611e5c3a58a3c2b78385556368c5230e,webhook-1.0/tests/diff_1.diff
3108bbf415a3d0d18f3cb11986e122,611e5c3a58a3c2b78385556368c5230e,webhook-1.0/tests/diff_1.diff
