146a0ce1ac1c0b16d33485bd20107cf8,test,64
c614fe94a4b91deaa927cc11e6e5c71c,3DES,128
c614fe94a4b91deaa927cc11e6e5c71c,test,64
c5f79fac1f1de0f5da69d495b6a2be81,3DES,128
c5f79fac1f1de0f5da69d495b6a2be81,test,64
8c2fa3f24a09137f9bb3860fa21c677e,3DES,128
8c2fa3f24a09137f9bb3860fa21c677e,test,64
4ef26913f8acae0724b140aea05cc30c,3DES,128
2e375b131324c86c5e7c16402679861b,3DES,128
2e375b131324c86c5e7c16402679861b,test,64
146a0ce1ac1c0b16d33485bd20107cf8,test,64
c614fe94a4b91deaa927cc11e6e5c71c,3DES,128
c614fe94a4b91deaa927cc11e6e5c71c,test,64
c5f79fac1f1de0f5da69d495b6a2be81,3DES,128
c5f79fac1f1de0f5da69d495b6a2be81,test,64
8c2fa3f24a09137f9bb3860fa21c677e,3DES,128
8c2fa3f24a09137f9bb3860fa21c677e,test,64
4ef26913f8acae0724b140aea05cc30c,3DES,128
2e375b131324c86c5e7c16402679861b,3DES,128
2e375b131324c86c5e7c16402679861b,test,64
146a0ce1ac1c0b16d33485bd20107cf8,test,64
c614fe94a4b91deaa927cc11e6e5c71c,3DES,128
c614fe94a4b91deaa927cc11e6e5c71c,test,64
c5f79fac1f1de0f5da69d495b6a2be81,3DES,128
c5f79fac1f1de0f5da69d495b6a2be81,test,64
8c2fa3f24a09137f9bb3860fa21c677e,3DES,128
8c2fa3f24a09137f9bb3860fa21c677e,test,64
4ef26913f8acae0724b140aea05cc30c,3DES,128
2e375b131324c86c5e7c16402679861b,3DES,128
2e375b131324c86c5e7c16402679861b,test,64
146a0ce1ac1c0b16d33485bd20107cf8,test,64
c614fe94a4b91deaa927cc11e6e5c71c,3DES,128
c614fe94a4b91deaa927cc11e6e5c71c,test,64
c5f79fac1f1de0f5da69d495b6a2be81,3DES,128
c5f79fac1f1de0f5da69d495b6a2be81,test,64
8c2fa3f24a09137f9bb3860fa21c677e,3DES,128
8c2fa3f24a09137f9bb3860fa21c677e,test,64
4ef26913f8acae0724b140aea05cc30c,3DES,128
2e375b131324c86c5e7c16402679861b,3DES,128
2e375b131324c86c5e7c16402679861b,test,64
146a0ce1ac1c0b16d33485bd20107cf8,test,64
c614fe94a4b91deaa927cc11e6e5c71c,3DES,128
c614fe94a4b91deaa927cc11e6e5c71c,test,64
c5f79fac1f1de0f5da69d495b6a2be81,3DES,128
c5f79fac1f1de0f5da69d495b6a2be81,test,64
8c2fa3f24a09137f9bb3860fa21c677e,3DES,128
8c2fa3f24a09137f9bb3860fa21c677e,test,64
4ef26913f8acae0724b140aea05cc30c,3DES,128
2e375b131324c86c5e7c16402679861b,3DES,128
2e375b131324c86c5e7c16402679861b,test,64
146a0ce1ac1c0b16d33485bd20107cf8,test,64
c614fe94a4b91deaa927cc11e6e5c71c,3DES,128
c614fe94a4b91deaa927cc11e6e5c71c,test,64
c5f79fac1f1de0f5da69d495b6a2be81,3DES,128
c5f79fac1f1de0f5da69d495b6a2be81,test,64
8c2fa3f24a09137f9bb3860fa21c677e,3DES,128
8c2fa3f24a09137f9bb3860fa21c677e,test,64
4ef26913f8acae0724b140aea05cc30c,3DES,128
2e375b131324c86c5e7c16402679861b,3DES,128
2e375b131324c86c5e7c16402679861b,test,64
146a0ce1ac1c0b16d33485bd20107cf8,test,64
c614fe94a4b91deaa927cc11e6e5c71c,3DES,128
c614fe94a4b91deaa927cc11e6e5c71c,test,64
c5f79fac1f1de0f5da69d495b6a2be81,3DES,128
c5f79fac1f1de0f5da69d495b6a2be81,test,64
8c2fa3f24a09137f9bb3860fa21c677e,3DES,128
8c2fa3f24a09137f9bb3860fa21c677e,test,64
4ef26913f8acae0724b140aea05cc30c,3DES,128
2e375b131324c86c5e7c16402679861b,3DES,128
2e375b131324c86c5e7c16402679861b,test,64
146a0ce1ac1c0b16d33485bd20107cf8,test,64
c614fe94a4b91deaa927cc11e6e5c71c,3DES,128
c614fe94a4b91deaa927cc11e6e5c71c,test,64
c5f79fac1f1de0f5da69d495b6a2be81,3DES,128
c5f79fac1f1de0f5da69d495b6a2be81,test,64
8c2fa3f24a09137f9bb3860fa21c677e,3DES,128
8c2fa3f24a09137f9bb3860fa21c677e,test,64
4ef26913f8acae0724b140aea05cc30c,3DES,128
2e375b131324c86c5e7c16402679861b,3DES,128
2e375b131324c86c5e7c16402679861b,test,64
146a0ce1ac1c0b16d33485bd20107cf8,test,64
c614fe94a4b91deaa927cc11e6e5c71c,3DES,128
c614fe94a4b91deaa927cc11e6e5c71c,test,64
c5f79fac1f1de0f5da69d495b6a2be81,3DES,128
c5f79fac1f1de0f5da69d495b6a2be81,test,64
8c2fa3f24a09137f9bb3860fa21c677e,3DES,128
8c2fa3f24a09137f9bb3860fa21c677e,test,64
4ef26913f8acae0724b140aea05cc30c,3DES,128
2e375b131324c86c5e7c16402679861b,3DES,128
2e375b131324c86c5e7c16402679861b,test,64
146a0ce1ac1c0b16d33485bd20107cf8,test,64
c614fe94a4b91deaa927cc11e6e5c71c,3DES,128
c614fe94a4b91deaa927cc11e6e5c71c,test,64
c5f79fac1f1de0f5da69d495b6a2be81,3DES,128
c5f79fac1f1de0f5da69d495b6a2be81,test,64
8c2fa3f24a09137f9bb3860fa21c677e,3DES,128
8c2fa3f24a09137f9bb3860fa21c677e,test,64
4ef26913f8acae0724b140aea05cc30c,3DES,128
2e375b131324c86c5e7c16402679861b,3DES,128
2e375b131324c86c5e7c16402679861b,test,64
146a0ce1ac1c0b16d33485bd20107cf8,test,64
c614fe94a4b91deaa927cc11e6e5c71c,3DES,128
c614fe94a4b91deaa927cc11e6e5c71c,test,64
c5f79fac1f1de0f5da69d495b6a2be81,3DES,128
c5f79fac1f1de0f5da69d495b6a2be81,test,64
8c2fa3f24a09137f9bb3860fa21c677e,3DES,128
8c2fa3f24a09137f9bb3860fa21c677e,test,64
4ef26913f8acae0724b140aea05cc30c,3DES,128
2e375b131324c86c5e7c16402679861b,3DES,128
2e375b131324c86c5e7c16402679861b,test,64
